{
  "model_name": "conv_2_layers",
  "test_loss": 0.8817464709281921,
  "test_accuracy": 0.6984000205993652,
  "macro_f1_score": 0.704031885022367,
  "classification_report": {
    "airplane": {
      "precision": 0.8040380047505938,
      "recall": 0.677,
      "f1-score": 0.7350705754614549,
      "support": 1000.0
    },
    "automobile": {
      "precision": 0.8820809248554913,
      "recall": 0.763,
      "f1-score": 0.8182305630026809,
      "support": 1000.0
    },
    "bird": {
      "precision": 0.7083333333333334,
      "recall": 0.493,
      "f1-score": 0.5813679245283019,
      "support": 1000.0
    },
    "cat": {
      "precision": 0.42160278745644597,
      "recall": 0.605,
      "f1-score": 0.49691991786447637,
      "support": 1000.0
    },
    "deer": {
      "precision": 0.6086248982912937,
      "recall": 0.748,
      "f1-score": 0.6711529834006281,
      "support": 1000.0
    },
    "dog": {
      "precision": 0.5487269534679543,
      "recall": 0.625,
      "f1-score": 0.584385226741468,
      "support": 1000.0
    },
    "frog": {
      "precision": 0.8,
      "recall": 0.736,
      "f1-score": 0.7666666666666667,
      "support": 1000.0
    },
    "horse": {
      "precision": 0.8384074941451991,
      "recall": 0.716,
      "f1-score": 0.7723840345199569,
      "support": 1000.0
    },
    "ship": {
      "precision": 0.8509052183173589,
      "recall": 0.799,
      "f1-score": 0.8241361526560083,
      "support": 1000.0
    },
    "truck": {
      "precision": 0.7604070305272895,
      "recall": 0.822,
      "f1-score": 0.7900048053820279,
      "support": 1000.0
    },
    "accuracy": 0.6984,
    "macro avg": {
      "precision": 0.722312664514496,
      "recall": 0.6984,
      "f1-score": 0.704031885022367,
      "support": 10000.0
    },
    "weighted avg": {
      "precision": 0.722312664514496,
      "recall": 0.6984,
      "f1-score": 0.704031885022367,
      "support": 10000.0
    }
  }
}