{
  "model_name": "filters_32_64_128",
  "test_loss": 0.7706932425498962,
  "test_accuracy": 0.7355999946594238,
  "macro_f1_score": 0.7343716750495775,
  "total_parameters": 225930,
  "classification_report": {
    "airplane": {
      "precision": 0.8245412844036697,
      "recall": 0.719,
      "f1-score": 0.7681623931623932,
      "support": 1000.0
    },
    "automobile": {
      "precision": 0.9253208868144691,
      "recall": 0.793,
      "f1-score": 0.8540656973613355,
      "support": 1000.0
    },
    "bird": {
      "precision": 0.7153945666235446,
      "recall": 0.553,
      "f1-score": 0.6238014664410604,
      "support": 1000.0
    },
    "cat": {
      "precision": 0.5465230166503428,
      "recall": 0.558,
      "f1-score": 0.5522018802572983,
      "support": 1000.0
    },
    "deer": {
      "precision": 0.6184834123222749,
      "recall": 0.783,
      "f1-score": 0.6910856134157105,
      "support": 1000.0
    },
    "dog": {
      "precision": 0.7029585798816568,
      "recall": 0.594,
      "f1-score": 0.6439024390243903,
      "support": 1000.0
    },
    "frog": {
      "precision": 0.6590909090909091,
      "recall": 0.899,
      "f1-score": 0.760575296108291,
      "support": 1000.0
    },
    "horse": {
      "precision": 0.8657635467980296,
      "recall": 0.703,
      "f1-score": 0.7759381898454746,
      "support": 1000.0
    },
    "ship": {
      "precision": 0.7868852459016393,
      "recall": 0.912,
      "f1-score": 0.8448355720240852,
      "support": 1000.0
    },
    "truck": {
      "precision": 0.8166828322017459,
      "recall": 0.842,
      "f1-score": 0.8291482028557361,
      "support": 1000.0
    },
    "accuracy": 0.7356,
    "macro avg": {
      "precision": 0.7461644280688281,
      "recall": 0.7356,
      "f1-score": 0.7343716750495775,
      "support": 10000.0
    },
    "weighted avg": {
      "precision": 0.7461644280688282,
      "recall": 0.7356,
      "f1-score": 0.7343716750495775,
      "support": 10000.0
    }
  }
}