{
  "model_name": "filters_32_32_32",
  "test_loss": 0.9033698439598083,
  "test_accuracy": 0.6891999840736389,
  "macro_f1_score": 0.6850069990378899,
  "total_parameters": 53258,
  "classification_report": {
    "airplane": {
      "precision": 0.7150050352467271,
      "recall": 0.71,
      "f1-score": 0.7124937280481686,
      "support": 1000.0
    },
    "automobile": {
      "precision": 0.8721461187214612,
      "recall": 0.764,
      "f1-score": 0.814498933901919,
      "support": 1000.0
    },
    "bird": {
      "precision": 0.527802294792586,
      "recall": 0.598,
      "f1-score": 0.5607126113455227,
      "support": 1000.0
    },
    "cat": {
      "precision": 0.5333333333333333,
      "recall": 0.44,
      "f1-score": 0.4821917808219178,
      "support": 1000.0
    },
    "deer": {
      "precision": 0.6787878787878788,
      "recall": 0.56,
      "f1-score": 0.6136986301369863,
      "support": 1000.0
    },
    "dog": {
      "precision": 0.6670902160101652,
      "recall": 0.525,
      "f1-score": 0.5875769445998881,
      "support": 1000.0
    },
    "frog": {
      "precision": 0.6932465419039869,
      "recall": 0.852,
      "f1-score": 0.7644683714670256,
      "support": 1000.0
    },
    "horse": {
      "precision": 0.7889502762430939,
      "recall": 0.714,
      "f1-score": 0.7496062992125985,
      "support": 1000.0
    },
    "ship": {
      "precision": 0.6605972323379461,
      "recall": 0.907,
      "f1-score": 0.764433206911083,
      "support": 1000.0
    },
    "truck": {
      "precision": 0.7798861480075902,
      "recall": 0.822,
      "f1-score": 0.8003894839337877,
      "support": 1000.0
    },
    "accuracy": 0.6892,
    "macro avg": {
      "precision": 0.6916845075384769,
      "recall": 0.6892,
      "f1-score": 0.6850069990378899,
      "support": 10000.0
    },
    "weighted avg": {
      "precision": 0.6916845075384769,
      "recall": 0.6892,
      "f1-score": 0.6850069990378898,
      "support": 10000.0
    }
  }
}