{
  "model_name": "kernels_3_3_3",
  "kernel_config": [
    3,
    3,
    3
  ],
  "test_loss": 0.7904608249664307,
  "test_accuracy": 0.7267000079154968,
  "macro_f1_score": 0.7268911137536354,
  "total_parameters": 225930,
  "receptive_field": 15,
  "classification_report": {
    "airplane": {
      "precision": 0.7321100917431193,
      "recall": 0.798,
      "f1-score": 0.7636363636363637,
      "support": 1000.0
    },
    "automobile": {
      "precision": 0.8468125594671742,
      "recall": 0.89,
      "f1-score": 0.8678693320331545,
      "support": 1000.0
    },
    "bird": {
      "precision": 0.5890909090909091,
      "recall": 0.648,
      "f1-score": 0.6171428571428571,
      "support": 1000.0
    },
    "cat": {
      "precision": 0.5253807106598984,
      "recall": 0.414,
      "f1-score": 0.46308724832214765,
      "support": 1000.0
    },
    "deer": {
      "precision": 0.731924360400445,
      "recall": 0.658,
      "f1-score": 0.6929963138493944,
      "support": 1000.0
    },
    "dog": {
      "precision": 0.5493066255778121,
      "recall": 0.713,
      "f1-score": 0.6205395996518712,
      "support": 1000.0
    },
    "frog": {
      "precision": 0.7171717171717171,
      "recall": 0.852,
      "f1-score": 0.7787934186471663,
      "support": 1000.0
    },
    "horse": {
      "precision": 0.8404494382022472,
      "recall": 0.748,
      "f1-score": 0.7915343915343915,
      "support": 1000.0
    },
    "ship": {
      "precision": 0.9321212121212121,
      "recall": 0.769,
      "f1-score": 0.8427397260273972,
      "support": 1000.0
    },
    "truck": {
      "precision": 0.8920780711825488,
      "recall": 0.777,
      "f1-score": 0.8305718866916088,
      "support": 1000.0
    },
    "accuracy": 0.7267,
    "macro avg": {
      "precision": 0.7356445695617084,
      "recall": 0.7267,
      "f1-score": 0.7268911137536354,
      "support": 10000.0
    },
    "weighted avg": {
      "precision": 0.7356445695617083,
      "recall": 0.7267,
      "f1-score": 0.7268911137536351,
      "support": 10000.0
    }
  }
}