{
  "model_name": "pooling_max",
  "pooling_type": "max",
  "test_loss": 0.7097777128219604,
  "test_accuracy": 0.7615000009536743,
  "macro_f1_score": 0.760340830063287,
  "total_parameters": 225930,
  "classification_report": {
    "airplane": {
      "precision": 0.7400177462289264,
      "recall": 0.834,
      "f1-score": 0.7842031029619182,
      "support": 1000.0
    },
    "automobile": {
      "precision": 0.8399621212121212,
      "recall": 0.887,
      "f1-score": 0.8628404669260701,
      "support": 1000.0
    },
    "bird": {
      "precision": 0.6204311152764761,
      "recall": 0.662,
      "f1-score": 0.6405418480890179,
      "support": 1000.0
    },
    "cat": {
      "precision": 0.5707547169811321,
      "recall": 0.605,
      "f1-score": 0.587378640776699,
      "support": 1000.0
    },
    "deer": {
      "precision": 0.7417746759720838,
      "recall": 0.744,
      "f1-score": 0.7428856714927609,
      "support": 1000.0
    },
    "dog": {
      "precision": 0.7621023513139695,
      "recall": 0.551,
      "f1-score": 0.6395821242019734,
      "support": 1000.0
    },
    "frog": {
      "precision": 0.8262164846077458,
      "recall": 0.832,
      "f1-score": 0.8290981564524166,
      "support": 1000.0
    },
    "horse": {
      "precision": 0.8333333333333334,
      "recall": 0.795,
      "f1-score": 0.8137154554759468,
      "support": 1000.0
    },
    "ship": {
      "precision": 0.8131176999101527,
      "recall": 0.905,
      "f1-score": 0.8566019876952201,
      "support": 1000.0
    },
    "truck": {
      "precision": 0.898876404494382,
      "recall": 0.8,
      "f1-score": 0.8465608465608465,
      "support": 1000.0
    },
    "accuracy": 0.7615,
    "macro avg": {
      "precision": 0.7646586649330324,
      "recall": 0.7615000000000001,
      "f1-score": 0.760340830063287,
      "support": 10000.0
    },
    "weighted avg": {
      "precision": 0.7646586649330323,
      "recall": 0.7615,
      "f1-score": 0.7603408300632869,
      "support": 10000.0
    }
  }
}